epoch,angle_diffusion_voxel,angle_combined_diffusion,angle_combined_voxel,angle_sum_combined,angle_deviation_from_90
0,91.01238120773195,20.714741580240712,53.288828479358024,74.00357005959873,-15.99642994040127
1,79.51893003018105,32.16911747168765,38.56843880846843,70.73755628015607,-19.26244371984393
2,78.67258052566591,28.73668987794111,39.90248824254082,68.63917812048193,-21.36082187951807
3,80.3539912639447,30.285422303737313,39.965208559146795,70.25063086288411,-19.74936913711589
4,79.06434487730888,24.917371459503414,38.610623622878215,63.52799508238163,-26.47200491761837
5,81.05630549673647,27.021381898380127,39.6374322262452,66.65881412462534,-23.341185875374663
6,80.5818819501625,21.348740750479863,38.8394140813709,60.18815483185076,-29.81184516814924
7,81.74692552247527,22.000105084913216,39.91614620208951,61.91625128700272,-28.083748712997277
8,83.42636815393075,18.86881793612872,42.71083613758401,61.57965407371273,-28.42034592628727
9,83.56853161445564,25.296764344823643,41.44708768112778,66.74385202595143,-23.256147974048574
10,82.83658601762484,24.441569096469667,38.60710185671281,63.04867095318248,-26.95132904681752
11,82.58085352899008,25.8475288453326,38.929398850928486,64.77692769626108,-25.223072303738917
12,80.71946455226305,29.568908457205215,39.246735651821815,68.81564410902703,-21.184355890972967
13,81.23081009832521,27.203675286442724,38.896444334894895,66.10011962133763,-23.899880378662374
14,81.31739750495478,31.535911279105694,39.49385660266487,71.02976788177057,-18.970232118229433
15,83.03949565374927,25.82328328414202,40.3271573565993,66.15044064074132,-23.849559359258677
16,84.20257146820795,27.910875356640176,41.714104966080114,69.62498032272029,-20.37501967727971
17,85.41122912656755,32.482056835224164,42.345519243382334,74.8275760786065,-15.172423921393502
18,85.68143019585473,32.10615340263389,41.626152451555896,73.73230585418979,-16.26769414581021
19,86.22195732441139,32.04502871056352,39.74942289778318,71.79445160834669,-18.20554839165331
20,86.68998013203988,34.76120510935364,43.62477656933445,78.3859816786881,-11.614018321311903
21,86.30657076757355,30.58444930664207,41.464554613339345,72.04900391998142,-17.950996080018584
22,85.82037070686854,29.15153298476916,39.850328386183726,69.0018613709529,-20.998138629047105
23,86.99757631894387,32.09742219664154,44.528755939874664,76.6261781365162,-13.373821863483798
24,87.32998553010489,32.06330159096204,41.94902693550278,74.01232852646481,-15.987671473535187
25,87.35211502469762,32.944060697299044,40.12460561047187,73.06866630777091,-16.93133369222909
26,87.34995531038919,31.93740284525965,43.12854433655425,75.0659471818139,-14.934052818186103
27,87.01026516831692,32.813453203733765,42.633684804763554,75.44713800849732,-14.552861991502681
28,85.76703629403674,34.055071957488764,42.71791438475483,76.7729863422436,-13.227013657756402
29,85.97987906835844,29.73195014887047,42.306542883976256,72.03849303284673,-17.96150696715327
30,85.2244944218369,33.433397462202606,42.08020381515943,75.51360127736203,-14.486398722637972
31,85.16153194529815,31.715024470479758,42.55400121232434,74.2690256828041,-15.730974317195901
32,85.07688342239791,31.469070190132022,42.07915717810604,73.54822736823806,-16.45177263176194
33,84.58764507527073,30.078717573041907,41.4399421862685,71.51865975931041,-18.48134024068959
34,86.0458271608629,0.0,42.317261869693034,42.317261869693034,-47.682738130306966
35,84.44214548719118,20.95463545431176,39.9334867620057,60.888122216317456,-29.111877783682544
36,85.1133138724601,27.372069696692648,41.97826770378683,69.35033740047948,-20.649662599520525
37,83.67395253274616,26.39964850182599,40.8475100304007,67.24715853222669,-22.752841467773308
38,86.09028056035105,32.200098776637724,43.92623800742715,76.12633678406488,-13.873663215935125
39,86.26974251956791,33.040757094848665,43.162200127155124,76.20295722200379,-13.79704277799621
40,86.03106935115957,29.544419956439675,43.217502580328464,72.76192253676814,-17.23807746323186
41,86.26574452279209,29.628763548981762,41.508734051841316,71.13749760082308,-18.86250239917692
42,85.92215701340676,30.82950152927425,43.72452403225433,74.55402556152858,-15.445974438471424
43,86.51771903727386,32.15355962596729,44.603298730404475,76.75685835637177,-13.243141643628235
44,85.72152703623387,23.217973084491728,41.44462185149389,64.66259493598562,-25.337405064014376
45,87.08971676142656,31.408752749646894,44.215698044144304,75.6244507937912,-14.375549206208802
46,86.53838617514477,33.22559320939784,43.721399949655925,76.94699315905376,-13.053006840946239
47,86.33511059274916,31.09648510206686,37.65014462230336,68.74662972437022,-21.253370275629777
48,86.08962288183648,27.197768256144755,43.95547981599333,71.15324807213808,-18.846751927861916
49,86.58192618961402,22.411331184537374,36.59430062345365,59.00563180799102,-30.994368192008977
50,85.90762892088605,10.01693717262393,38.70460324240806,48.721540415031996,-41.278459584968004
51,86.52587753506226,33.371065702460925,43.04651744927265,76.41758315173357,-13.582416848266433
52,86.86843355469284,32.96740934411162,44.203742989509884,77.1711523336215,-12.828847666378493
53,86.49125217318392,30.216655599416992,43.3005365808418,73.51719218025879,-16.48280781974121
54,86.08862800964182,26.240068814436416,42.763284311160845,69.00335312559726,-20.996646874402742
55,86.89437107423521,25.269087707433236,42.16588271508668,67.43497042251991,-22.56502957748009
56,85.15348529869004,10.8274108654568,37.631970903952606,48.459381769409404,-41.540618230590596
57,87.12883976472254,28.976245311625224,44.634899713332096,73.61114502495732,-16.388854975042676
58,86.93542463170787,9.440939299371776,45.735920318691115,55.17685961806289,-34.82314038193711
59,86.72253942986487,26.43013614217596,44.231197291348586,70.66133343352455,-19.338666566475453
60,85.96880018202359,4.576979717296585,38.31139202938537,42.888371746681955,-47.111628253318045
61,86.3663867065729,22.146119912684807,41.93105200839202,64.07717192107683,-25.922828078923175
62,86.85449542167544,34.43554721827947,40.82165095702488,75.25719817530435,-14.742801824695647
63,86.28831135774792,16.988992209036972,42.01445696181528,59.00344917085225,-30.99655082914775
64,86.78362899799838,15.163262766106417,37.89057720944902,53.053839975555434,-36.946160024444566
65,86.34821883149272,28.668779283476965,43.74034163350954,72.4091209169865,-17.590879083013505
66,86.67435210299112,24.642439206650067,39.97960831607969,64.62204752272976,-25.37795247727024
67,86.89918252868567,27.83530991356505,43.038999870985826,70.87430978455087,-19.125690215449126
68,87.25445673918945,22.93903560475539,45.294085277799915,68.23312088255531,-21.766879117444688
69,86.9280692009285,21.48003802443752,44.41432821193096,65.89436623636848,-24.105633763631516
70,87.47183942117289,19.15806086064282,46.12143894719947,65.27949980784229,-24.720500192157715
71,87.42101707549021,21.477393157678968,40.79590368414233,62.2732968418213,-27.7267031581787
72,87.41202839388652,16.33754373395552,45.54216294239696,61.879706676352484,-28.120293323647516
73,87.70409963672115,18.53717987403446,46.29585346820265,64.83303334223712,-25.166966657762885
74,87.18989367799149,30.880644959740266,43.95258007418607,74.83322503392634,-15.16677496607366
75,86.72099417900395,24.621143855621874,43.150107082095396,67.77125093771727,-22.22874906228273
76,86.87896861093043,24.625407948206295,43.13077904981561,67.7561869980219,-22.243813001978097
77,87.38549136817893,31.987322426007854,43.29990820896173,75.28723063496959,-14.712769365030411
78,87.05934200654896,22.636996255599755,43.445404728613646,66.0824009842134,-23.917599015786607
79,87.29818136831474,29.602442397493462,45.065494002384874,74.66793639987833,-15.332063600121671
80,85.60299850919188,13.400266898258458,33.913860354808826,47.314127253067284,-42.685872746932716
81,87.72984525191426,26.24341076220799,45.89675501297158,72.14016577517957,-17.859834224820432
82,87.02908968034826,19.552499522398527,40.91892700319825,60.471426525596776,-29.528573474403224
83,87.4635028514639,21.27936525227137,43.09033588955959,64.36970114183096,-25.63029885816904
84,87.16545227952287,28.838135348712623,40.516520812632635,69.35465616134526,-20.64534383865474
85,87.8509035342603,32.20560385521006,43.80118032182562,76.00678417703568,-13.993215822964316
86,85.8876276293421,0.0,36.566552419095444,36.566552419095444,-53.433447580904556
87,87.15562803187483,11.863944408945379,36.927499394283146,48.791443803228525,-41.208556196771475
88,87.14062891099813,0.0,40.7731959559683,40.7731959559683,-49.2268040440317
89,87.51774507107967,22.860947149567053,44.89999527136819,67.76094242093524,-22.239057579064763
90,87.57465074682351,29.615199515658052,42.44362442745561,72.05882394311367,-17.941176056886334
91,87.26235780512373,28.489366629468076,43.62006890664936,72.10943553611743,-17.89056446388257
92,87.32601960730042,0.0,41.457012433597086,41.457012433597086,-48.542987566402914
93,84.97095360161667,13.244833607347996,41.528121141973095,54.77295474932109,-35.22704525067891
94,86.73246997620538,25.20372468318353,43.306493486570744,68.51021816975427,-21.489781830245732
95,87.57034711351328,18.19961782998858,43.494644472142284,61.694262302130866,-28.305737697869134
96,86.66305824011522,30.454758296227237,43.04606825804339,73.50082655427063,-16.49917344572937
97,86.51128258249672,23.23568028497268,42.09099209260717,65.32667237757985,-24.673327622420146
98,87.80979074751657,25.196333355387846,44.527611186075106,69.72394454146296,-20.276055458537044
99,87.01207380658998,10.799829483489038,38.37641637884937,49.176245862338405,-40.823754137661595
100,87.24953742341451,14.605758467718866,42.52287729903926,57.12863576675812,-32.87136423324188
101,87.66237170944784,21.757956185479866,40.733205038345716,62.491161223825586,-27.508838776174414
102,87.9545265117966,28.24558831203832,40.07227017743696,68.31785848947528,-21.682141510524715
103,87.32340481591127,28.621722388103144,42.02563995943741,70.64736234754056,-19.352637652459435
104,87.61934270168491,28.019230805685797,40.811290278116786,68.83052108380258,-21.16947891619742
105,87.7162946525031,27.22451750515942,40.33648993974224,67.56100744490166,-22.438992555098338
106,86.62354751334057,30.56817554026613,43.12086870955603,73.68904424982216,-16.31095575017784
107,87.24599367966316,30.723931749220018,43.43467411380313,74.15860586302315,-15.841394136976845
108,85.96326511546052,13.937993412811762,42.99896169994234,56.936955112754106,-33.063044887245894
109,87.15732846331439,26.21126948874612,42.90387397551913,69.11514346426526,-20.88485653573474
110,88.08054231249493,29.83683074244221,34.16582787159823,64.00265861404044,-25.997341385959558
111,87.74112859584741,31.404764792557067,43.75328962687962,75.1580544194367,-14.841945580563305
112,87.84273608022728,27.49539531953204,44.46148856356982,71.95688388310187,-18.043116116898133
113,87.49068425204514,20.70445033730673,42.079726552583445,62.784176889890176,-27.215823110109824
114,87.7706145555744,23.82788594706294,30.270830926376988,54.098716873439926,-35.901283126560074
115,87.7556672984132,17.672935665873823,40.53701903057506,58.20995469644888,-31.790045303551118
116,87.14015604543185,24.946626266230094,40.76860453628671,65.7152308025168,-24.2847691974832
117,87.55749956840606,27.794984685545124,42.224097781704344,70.01908246724946,-19.98091753275054
118,86.61023983287794,25.07452610928685,41.65876892727511,66.73329503656197,-23.26670496343803
119,83.07313128515663,0.0,37.28495453180005,37.28495453180005,-52.71504546819995
120,86.26283912624147,28.70945854638178,40.27486721963787,68.98432576601965,-21.01567423398035
121,85.26574993512884,26.867619974486004,43.04781307116871,69.91543304565471,-20.08456695434529
122,86.43270863005948,8.418430940376586,41.60864984881672,50.027080789193306,-39.972919210806694
123,86.18440534259372,0.0,36.28910285920347,36.28910285920347,-53.71089714079653
124,87.30229046634436,30.08169981503584,43.65956140612772,73.74126122116357,-16.25873877883643
125,87.58187665415683,28.763480575109696,42.16513834236158,70.92861891747128,-19.071381082528717
126,87.0905562064627,30.61100255061609,42.917802554067855,73.52880510468394,-16.47119489531606
127,87.975049985264,33.638852262167866,42.68201367265501,76.32086593482288,-13.679134065177124
128,87.2812824614127,29.139328649256967,35.71851403584625,64.85784268510321,-25.142157314896792
129,86.90892740915602,30.145226626093898,43.22122284249251,73.36644946858641,-16.63355053141359
130,87.54069275951923,23.814150745161523,43.1762547737649,66.99040551892642,-23.009594481073577
131,87.13258600438624,26.31674188908209,41.733047407187954,68.04978929627003,-21.950210703729965
132,87.9565218339949,21.71582967132305,0.0,21.71582967132305,-68.28417032867695
133,87.10828538146018,13.451226254593188,42.61967607740726,56.07090233200045,-33.92909766799955
134,87.4797738075211,30.901049159748034,39.725422488267064,70.6264716480151,-19.373528351984902
135,87.89531249264884,30.88878120912786,39.154539401851316,70.04332061097918,-19.95667938902082
136,88.11607283979954,26.87049778683574,41.95589383101244,68.82639161784817,-21.173608382151826
137,87.69067994198731,0.0,46.41385018063653,46.41385018063653,-43.58614981936347
138,87.08109476772047,0.0,43.025857316096,43.025857316096,-46.974142683904
139,88.38041874580965,11.386659548304708,41.409293162209146,52.79595271051385,-37.20404728948615
140,87.09583786895823,29.033014540276618,42.700949837005126,71.73396437728175,-18.26603562271825
141,84.54790540342206,27.09779162560796,39.51980809040015,66.6175997160081,-23.3824002839919
142,87.11911894747342,25.29721977667402,42.995423730776906,68.29264350745092,-21.70735649254908
143,86.34044909660288,25.202857808348863,40.55969585666779,65.76255366501665,-24.237446334983346
144,87.75482947838785,27.700614737413037,42.81247566086949,70.51309039828253,-19.48690960171747
145,87.378742058364,27.75103215196561,43.898062529244505,71.64909468121012,-18.350905318789884
146,88.29561515222669,24.004322752533522,41.42540226135081,65.42972501388434,-24.570274986115663
147,87.81236951921589,29.75603871163197,38.64258689215673,68.3986256037887,-21.6013743962113
148,87.23552448179639,30.527103646179356,39.73457950373364,70.261683149913,-19.738316850087003
149,87.49943780616147,28.190312412172553,42.26764579604001,70.45795820821256,-19.54204179178744
150,87.6080507326051,22.689110420428342,40.762583248353444,63.451693668781786,-26.548306331218214
151,87.96055040426457,29.196736177684528,34.47825380464534,63.67498998232987,-26.32501001767013
152,87.63161304019332,32.482914430208844,43.805711865507966,76.28862629571681,-13.71137370428319
153,87.90775658617554,30.728330515712493,39.894324155734054,70.62265467144655,-19.377345328553446
154,87.41225658905918,14.893098080599085,41.121815363048775,56.014913443647856,-33.985086556352144
155,87.50274850103794,31.981886606971614,43.24489425889511,75.22678086586671,-14.773219134133285
156,88.123022755181,21.54340723757489,45.22118502791285,66.76459226548775,-23.23540773451225
157,87.30417369182173,27.902436942132567,44.00744308320535,71.90988002533791,-18.090119974662088
158,88.01866143927654,33.649595465431396,44.10506365302814,77.75465911845953,-12.245340881540471
159,87.57847178104805,29.99717677781209,43.29310257755189,73.29027935536398,-16.709720644636022
160,87.7111158622527,26.823475796361702,43.02325180644014,69.84672760280185,-20.15327239719815
161,87.52613607936266,29.63158339324027,44.51360128785874,74.14518468109901,-15.85481531890099
162,87.15775763436017,27.88008669277912,39.24830649019456,67.12839318297368,-22.87160681702632
163,87.17654348021277,30.054493957425848,41.93836517413615,71.992859131562,-18.007140868438
164,88.46308142417257,0.0,43.99363217428054,43.99363217428054,-46.00636782571946
165,86.4442715415402,14.29214571588566,40.194560831502436,54.486706547388096,-35.513293452611904
166,88.16148417585583,33.319542650619894,40.38126138281666,73.70080403343655,-16.299195966563445
167,87.6444850881411,30.40346620025854,41.32242421376925,71.72589041402779,-18.274109585972212
168,88.03609118618456,23.867444490755513,42.24723075255888,66.1146752433144,-23.885324756685606
169,87.66297050931058,26.735378299363465,43.80251029259374,70.5378885919572,-19.4621114080428
170,86.8748362049206,29.51185986050127,41.089166982358,70.60102684285927,-19.39897315714073
171,87.25430489861866,29.304950976304358,41.767451582598845,71.0724025589032,-18.927597441096793
172,87.0167966628989,29.94792481800883,43.072150559068,73.02007537707684,-16.979924622923164
173,87.32266005823982,23.105775547982603,41.48496224523154,64.59073779321415,-25.409262206785854
174,87.82633497858173,22.98523411842886,39.96133498724064,62.9465691056695,-27.053430894330504
175,87.85674508573338,33.90248008911108,44.40523613017107,78.30771621928216,-11.692283780717844
176,88.23594759893567,27.790399068084056,29.63061294710592,57.42101201518997,-32.57898798481003
177,87.6701028162644,26.214466436177563,42.77610202079794,68.99056845697551,-21.00943154302449
178,87.68181924875128,31.756376438745406,43.08798513910907,74.84436157785447,-15.155638422145529
179,87.36948969994025,34.12735174385974,44.60571589161022,78.73306763546995,-11.26693236453005
180,87.42208887883257,24.24876705483393,41.38073757118972,65.62950462602365,-24.370495373976354
181,88.2040525213462,34.31195638123596,38.188773310103734,72.5007296913397,-17.4992703086603
182,87.79446361575124,31.213272777345807,41.03521818578968,72.24849096313548,-17.75150903686452
183,87.66596321552987,30.175381667691113,44.015902435005295,74.19128410269641,-15.808715897303586
184,88.379612375348,27.63726452046859,41.388448550776225,69.02571307124481,-20.97428692875519
185,87.85092030857936,30.795550307964668,43.088643523484166,73.88419383144884,-16.11580616855116
186,87.7559103616937,14.60737695888101,43.02183299414514,57.629209953026155,-32.370790046973845
187,87.071258555382,32.00765629631422,41.428655887052145,73.43631218336637,-16.56368781663363
188,87.92548324530453,34.55116122041966,34.905504348422504,69.45666556884217,-20.54333443115783
189,88.10250824544977,33.904378185475885,42.66806366249913,76.57244184797501,-13.427558152024986
190,88.3760650573251,30.98561835376733,33.895616103107585,64.88123445687492,-25.11876554312508
191,87.599131372465,32.813923777995505,42.499667152040914,75.31359093003641,-14.686409069963588
192,87.89685500728018,32.41304204809562,42.52909364859974,74.94213569669536,-15.05786430330464
193,86.61354272046594,26.791383810032865,41.98969030380774,68.7810741138406,-21.218925886159397
194,87.5727031090711,30.817637521022984,42.77279640823195,73.59043392925493,-16.409566070745072
195,86.69076755985276,21.241679097910957,41.485058880488914,62.72673797839987,-27.273262021600132
196,88.03755723612889,26.314989540014036,41.39402689498692,67.70901643500096,-22.29098356499904
197,88.33987960114361,33.250504026596126,42.80343650428482,76.05394053088094,-13.946059469119064
198,88.27350608919954,34.029236043846765,42.295978447325055,76.32521449117182,-13.67478550882818
199,87.57356654926635,34.77003668455542,42.975627814757594,77.74566449931302,-12.254335500686977
200,88.01663810726126,28.561734406060527,40.7939207668056,69.35565517286612,-20.644344827133878
201,88.03392089009314,30.626807865346304,42.49637820442748,73.12318606977378,-16.87681393022622
202,87.28167132479717,31.639346734754156,42.24319968827361,73.88254642302778,-16.117453576972224
203,87.5995763472272,34.98168169602791,44.25353942278715,79.23522111881506,-10.764778881184938
204,86.66803759900561,28.121682269990544,42.857479777065954,70.97916204705649,-19.02083795294351
205,88.06248887517889,32.39699310193665,38.535080051415754,70.9320731533524,-19.067926846647595
206,88.02169080244528,34.52888193928086,34.96432752851192,69.49320946779278,-20.50679053220722
207,88.32075911017364,31.29067412957402,39.35590692696656,70.64658105654058,-19.353418943459417
208,88.07792115025634,32.976973975473854,40.14151306291823,73.11848703839209,-16.88151296160791
209,88.1821314724359,30.39324704387602,39.14146710194137,69.53471414581739,-20.46528585418261
210,87.50241746505003,34.58192725872999,42.28774963635852,76.8696768950885,-13.130323104911497
211,86.995059210388,27.257952790224085,40.160383531957436,67.41833632218152,-22.581663677818483
212,87.75164145710345,35.59444515231119,42.46902695429442,78.06347210660562,-11.936527893394384
213,88.13434837736487,35.87441029670137,40.14371002559858,76.01812032229995,-13.98187967770005
214,87.30855380083025,22.21025558814319,43.02613091310982,65.23638650125301,-24.76361349874699
215,86.94378717889295,27.195820565274214,41.30244211702913,68.49826268230335,-21.50173731769665
216,88.20718042870134,34.915495896808274,43.112951705263384,78.02844760207165,-11.971552397928349
217,88.18287473396475,0.0,42.905050558218385,42.905050558218385,-47.094949441781615
218,87.6096258261374,30.602147260843022,41.318983313532925,71.92113057437595,-18.07886942562405
219,88.07248144720897,32.96676624499769,43.72080046665376,76.68756671165146,-13.312433288348544
220,87.94901973921782,33.74486537085569,42.511150569144235,76.25601593999993,-13.743984060000074
221,88.12854932328028,31.452167246867532,38.83666336359623,70.28883061046376,-19.711169389536238
222,88.00432438641268,34.018463778119,37.07447975750159,71.09294353562059,-18.90705646437941
223,88.0489555351353,34.56622899521448,39.90375933734888,74.46998833256336,-15.53001166743664
224,87.86656850285928,32.954967405354,44.412401104000296,77.36736850935429,-12.632631490645707
225,87.6691125685759,33.4936547672615,42.73477222119883,76.22842698846034,-13.771573011539658
226,87.52687654161282,32.3387733849307,42.10220580206765,74.44097918699835,-15.559020813001652
227,87.94590318399061,29.914329501735423,37.1986757554477,67.11300525718312,-22.88699474281688
228,88.29047906452769,36.41906505763999,43.30673986346866,79.72580492110865,-10.274195078891353
229,88.66649406957589,31.37046125862481,0.0,31.37046125862481,-58.629538741375185
230,88.17536840418046,33.021938354947366,42.869923724373834,75.8918620793212,-14.1081379206788
231,88.39568068272405,33.91885743513777,43.507667167851324,77.42652460298909,-12.57347539701091
232,88.05950914190922,34.94341550131854,42.76157502284526,77.7049905241638,-12.295009475836196
233,88.53685481282467,35.533717850610195,44.48639209343842,80.02010994404861,-9.979890055951387
234,88.27033910723912,32.815609412473094,34.74208389376618,67.55769330623927,-22.442306693760727
235,88.32666926911638,27.731636811107858,33.02833048806657,60.759967299174434,-29.240032700825566
236,87.95202762729497,26.733731490906646,42.5083579853672,69.24208947627385,-20.757910523726153
237,87.84915265896916,34.027299843848105,39.19430802113514,73.22160786498324,-16.77839213501676
238,87.12326948876584,30.723213746372668,43.79159716458785,74.51481091096052,-15.48518908903948
239,88.14775434743844,30.744587992099753,42.09769147210336,72.8422794642031,-17.157720535796898
240,88.14389539778364,27.459932911778417,42.128739981687325,69.58867289346574,-20.41132710653426
241,88.14875777042336,33.267799471115126,35.52848251468872,68.79628198580384,-21.203718014196156
242,87.91961110158236,24.97759194854246,43.34327899159726,68.32087094013971,-21.679129059860287
243,87.92557498875931,31.383301605971766,38.67578303762046,70.05908464359223,-19.94091535640777
244,87.97477981109667,33.160766902892576,41.94916123489707,75.10992813778964,-14.890071862210362
245,87.88895036965397,34.211659863991976,43.06858508351593,77.2802449475079,-12.719755052492104
246,88.16186705895988,32.34829146394304,40.57438399121472,72.92267545515776,-17.07732454484224
247,88.6593785613843,33.96740315454679,40.06768672194857,74.03508987649536,-15.964910123504637
248,87.90092646335943,32.5943949712641,41.13117258070473,73.72556755196882,-16.274432448031178
249,87.03025977184946,32.39444236240003,41.819267350686076,74.2137097130861,-15.786290286913896
250,87.66384547263927,29.998524902323467,40.599819360696,70.59834426301947,-19.40165573698053
251,87.81133317316868,29.37277939435534,42.72426346357214,72.09704285792748,-17.902957142072523
252,88.33624829024299,32.15633738320799,37.622524907469376,69.77886229067737,-20.221137709322633
253,88.03137314877571,33.486086764211215,41.10545329898748,74.59154006319869,-15.408459936801307
254,88.10490894657238,30.71506702553782,44.840305238475636,75.55537226401346,-14.444627735986543
255,88.00034535604217,31.108893716427556,36.0010326470673,67.10992636349485,-22.89007363650515
256,88.52353409099307,32.20228425800305,32.684644916537565,64.88692917454061,-25.11307082545939
257,88.55696705262113,30.786298221924206,35.01222592526924,65.79852414719345,-24.201475852806553
258,87.43968986179925,23.043497271500456,41.86647443547504,64.9099717069755,-25.090028293024503
259,88.48246608676625,33.659677938448574,41.63031658587831,75.28999452432689,-14.710005475673114
260,88.41085730952645,28.646834243768883,35.598203643518765,64.24503788728765,-25.75496211271235
261,88.60083614504936,32.15322125969121,44.635883941442216,76.78910520113342,-13.210894798866576
262,87.72790470378936,34.64757145485119,41.7493532907079,76.39692474555909,-13.60307525444091
263,88.09512288725246,31.3028369817862,42.370987361766815,73.67382434355301,-16.326175656446992
264,87.69897358075855,34.221545628538934,41.29436007149281,75.51590570003174,-14.484094299968262
265,88.41851401026571,32.91568365643264,40.52089147483272,73.43657513126536,-16.563424868734643
266,88.22447814438803,34.26366442881917,39.38143391998481,73.64509834880397,-16.35490165119603
267,88.20084735814595,30.00122977201235,37.888294190089795,67.88952396210215,-22.110476037897854
268,87.95080444805855,31.843659084095684,43.985530755226684,75.82918983932237,-14.170810160677632
269,87.88840218050115,28.13047810638121,42.81132896556102,70.94180707194224,-19.058192928057764
270,88.28256665082024,32.82767677376091,38.33692618891132,71.16460296267223,-18.835397037327766
271,87.59133978097776,33.541237566687656,34.85633168759176,68.39756925427942,-21.602430745720582
272,88.01162404350899,32.04259498049059,39.87876578344211,71.92136076393271,-18.07863923606729
273,87.98127531930008,23.899898199067447,38.03475417901113,61.93465237807858,-28.06534762192142
274,87.90349928830399,33.5308269893106,32.35196011880303,65.88278710811363,-24.117212891886368
275,88.31188209241057,32.58561660889852,42.084187131354575,74.66980374025309,-15.330196259746913
276,87.73625528386961,34.044345360750775,41.82300371934947,75.86734908010024,-14.13265091989976
277,88.42618752063683,33.17310636724185,44.5140903884633,77.68719675570514,-12.312803244294855
278,88.56091020801006,34.31247322180418,28.632116741752213,62.944589963556396,-27.055410036443604
279,88.37604361167084,32.68486177886777,39.932103901890116,72.61696568075789,-17.383034319242114
280,87.98124938870416,31.910425983600252,43.59884566436002,75.50927164796028,-14.490728352039724
281,87.94706549899063,0.0,43.22576970512751,43.22576970512751,-46.77423029487249
282,86.3776232688237,0.0,38.331373416347155,38.331373416347155,-51.668626583652845
283,88.56693746677875,22.93113337580536,40.74367548557727,63.67480886138263,-26.32519113861737
284,88.54008974985922,34.4849061966531,37.08770606805476,71.57261226470786,-18.427387735292143
285,88.70528667917459,34.68568239925074,42.19706411809581,76.88274651734655,-13.117253482653453
286,88.69792458972577,33.06998138766313,37.6128997464883,70.68288113415143,-19.31711886584857
287,88.5913991218933,31.06104276559608,24.727109821933173,55.788152587529254,-34.211847412470746
288,88.32105928285509,35.93036040996218,39.17637575725094,75.10673616721311,-14.893263832786886
289,87.96222819156334,27.113763904780516,37.614633562503364,64.72839746728388,-25.271602532716116
290,87.94117888700882,32.315339447133056,42.09055201888387,74.40589146601693,-15.594108533983075
291,87.59449416663045,30.668151537765628,43.38262068220031,74.05077221996594,-15.949227780034064
292,88.2320491111877,30.039945837374336,43.418507831423724,73.45845366879806,-16.541546331201943
293,88.32717824525487,27.70953899015701,42.31411326711235,70.02365225726936,-19.97634774273064
294,88.33159745433326,32.32587964034379,31.35711090969433,63.68299055003813,-26.317009449961873
295,88.55431556387319,28.708610431779483,39.41445687492399,68.12306730670348,-21.876932693296524
296,88.38871371260379,31.52384130848656,0.0,31.52384130848656,-58.47615869151344
297,88.66807490367412,33.39526674160644,36.82461519023162,70.21988193183806,-19.78011806816194
298,88.4783890446161,30.46469753001995,31.385295825337494,61.84999335535744,-28.15000664464256
299,87.8492787088815,29.139632642352133,44.10282257831836,73.2424552206705,-16.757544779329507
300,88.69860201712783,32.905688926093475,34.43075983834438,67.33644876443785,-22.663551235562153
301,88.66730760288182,33.49434294830043,43.31071396506255,76.80505691336298,-13.194943086637025
302,88.61789242373688,34.01066717789747,39.72385432110548,73.73452149900294,-16.265478500997062
303,88.63287778373763,35.10950781976789,32.22610397614666,67.33561179591456,-22.66438820408544
304,88.36195518240133,32.12125104886853,39.83817539721717,71.9594264460857,-18.0405735539143
305,88.6511177819841,33.39050156309751,26.71855678307166,60.109058346169164,-29.890941653830836
306,88.41018382403108,33.24725655747344,43.50712195113909,76.75437850861253,-13.245621491387467
307,88.09395062111307,29.408453328841617,29.924945227976824,59.33339855681844,-30.666601443181563
308,88.10306101016837,31.664984951222614,42.83976986081497,74.50475481203759,-15.49524518796241
309,88.71689273923954,34.58520074317965,33.85434286805502,68.43954361123467,-21.56045638876533
310,87.85590283110521,31.036526395955836,37.70828251611423,68.74480891207007,-21.25519108792993
311,88.7161976353464,33.628524731962315,44.70750906727884,78.33603379924116,-11.663966200758836
312,88.3550000628466,34.83235471910021,42.8848968181921,77.7172515372923,-12.282748462707701
313,88.60124631399728,0.0,40.5023425393169,40.5023425393169,-49.4976574606831
314,87.75034000713767,0.0,43.51988474895179,43.51988474895179,-46.48011525104821
315,87.882660278672,31.880411474003576,43.16758585960061,75.04799733360419,-14.952002666395813
316,88.45893957728285,30.468165113250674,31.965777916789534,62.43394303004021,-27.56605696995979
317,88.18035629551966,30.380990011833006,44.08775977534829,74.4687497871813,-15.531250212818705
318,87.63858004154606,28.966326395963453,40.98693483378602,69.95326122974947,-20.046738770250528
319,88.11140803230082,34.141557420428335,43.67014985300551,77.81170727343385,-12.188292726566146
320,88.63134614200963,34.00337922669001,41.22193407299175,75.22531329968176,-14.774686700318242
321,88.36122889923885,27.41878973727102,43.552530418752504,70.97132015602352,-19.028679843976477
322,88.25066251637521,22.773465199987648,41.33846253368003,64.11192773366767,-25.88807226633233
323,88.81469553049239,0.0,43.064589812408634,43.064589812408634,-46.935410187591366
324,87.65823154727899,6.2176030401455975,37.566949666630684,43.78455270677628,-46.21544729322372
325,88.3244100034845,0.0,43.934694588257855,43.934694588257855,-46.065305411742145
326,88.4713864657717,21.146625370977862,37.514285687501875,58.66091105847974,-31.33908894152026
327,88.36495722965279,28.883437661693453,43.595418731881146,72.4788563935746,-17.521143606425397
328,88.51196232747836,34.15436440703136,40.523872596381736,74.6782370034131,-15.321762996586898
329,87.98973233015242,34.10442374238207,39.87599030988101,73.98041405226309,-16.019585947736914
330,87.99083117171352,34.88955530023411,37.5298840307331,72.41943933096721,-17.580560669032792
331,88.73020980288034,32.68785507972222,30.628405960919977,63.316261040642196,-26.683738959357804
332,88.5979816028438,33.14485702067255,44.269312654946674,77.41416967561923,-12.585830324380765
333,88.85708227156766,30.216609663355776,27.99377673170659,58.210386395062365,-31.789613604937635
334,87.94636303953479,32.07185061977983,40.86802753320549,72.93987815298533,-17.06012184701467
335,87.94175813521217,26.699887499143486,41.336704401267234,68.03659190041071,-21.963408099589287
336,88.80680902168407,29.629787865938777,41.83026018160838,71.46004804754716,-18.53995195245284
337,88.59038516399188,31.105731202837223,45.17776860424781,76.28349980708504,-13.716500192914964
338,88.10060994145793,31.137940440593,35.661718924892526,66.79965936548552,-23.200340634514475
339,87.83303129372905,30.266416758909347,42.582057905139926,72.84847466404928,-17.151525335950723
340,88.72149019462185,36.11444010105734,43.71947160538529,79.83391170644262,-10.16608829355738
341,89.14753248891529,30.990045047285122,38.490897269474026,69.48094231675915,-20.519057683240845
342,88.42633743110508,30.97114449907196,44.80856844293975,75.77971294201171,-14.220287057988287
343,88.5954225384852,35.198927291123766,43.48566000710789,78.68458729823166,-11.315412701768338
344,88.5618823967173,32.61149598820445,36.5950955330486,69.20659152125305,-20.793408478746954
345,88.4426348198851,34.772981342150196,38.76740848496194,73.54038982711214,-16.459610172887864
346,88.34145673190608,29.042513931942885,43.663203228435236,72.70571716037813,-17.29428283962187
347,88.71184510000609,32.658164955761485,29.727229290344344,62.38539424610583,-27.614605753894168
348,88.75800619936226,34.75133309419318,43.28094395903212,78.0322770532253,-11.9677229467747
349,89.08869776392461,32.31367069684633,27.583555410018995,59.897226106865325,-30.102773893134675
350,88.43994132143104,32.36607013075581,42.882822646533164,75.24889277728897,-14.751107222711028
351,87.90296079826071,29.49755001020102,44.98565710708646,74.48320711728748,-15.516792882712522
352,88.53064178029386,33.69743453359297,41.52587966092896,75.22331419452192,-14.776685805478081
353,88.80761190651937,34.603031744778605,42.69077606021073,77.29380780498934,-12.706192195010658
354,88.03276810746159,18.76601866707375,22.134930472465463,40.900949139539215,-49.099050860460785
355,88.55367007550815,30.033024724109353,40.2022886714276,70.23531339553696,-19.764686604463037
356,88.38373596813031,32.53143880338129,40.81048314602197,73.34192194940326,-16.658078050596743
357,88.48610617838469,17.721152053252183,38.738653605381465,56.45980565863365,-33.54019434136635
358,87.90646984846286,21.91735681470879,39.762276466832866,61.679633281541655,-28.320366718458345
359,89.35042058642637,34.11647207996239,38.89368238108548,73.01015446104788,-16.989845538952125
360,88.27485261869828,32.84430064132401,41.158653986898365,74.00295462822237,-15.99704537177763
361,88.62473202245214,34.6969249396732,42.279326294554075,76.97625123422728,-13.023748765772723
362,88.20872519061315,26.054644300902133,36.588596645287275,62.64324094618941,-27.356759053810592
363,89.04710801830322,31.993247568302326,32.759082759407214,64.75233032770954,-25.247669672290456
364,86.9096988852107,19.07859349220142,38.64810663351369,57.72670012571511,-32.27329987428489
365,88.88135917863592,31.951299788161666,40.977539060650116,72.92883884881178,-17.07116115118822
366,88.65389256427805,30.67405249079005,41.41298861451008,72.08704110530013,-17.91295889469987
367,87.84231308454595,31.309582689292508,38.5671828008759,69.87676549016841,-20.12323450983159
368,88.56159113966113,29.954136769953838,38.85209408812319,68.80623085807703,-21.19376914192297
369,88.62606667270249,31.676170029403526,45.55107913707886,77.22724916648238,-12.77275083351762
370,89.06296343315431,32.20164620056924,40.10751523144117,72.30916143201041,-17.690838567989587
371,88.44928464163608,31.584839053689443,42.439423362854775,74.02426241654422,-15.975737583455782
372,88.19446651071999,33.77670005912459,42.385065111406284,76.16176517053088,-13.838234829469116
373,87.98248347106477,27.74803145631667,42.81441017066834,70.562441626985,-19.437558373014994
374,88.56248446134857,32.3269172748731,43.10783039792827,75.43474767280136,-14.565252327198635
375,89.09713366595301,33.411461107985915,38.022934423245424,71.43439553123133,-18.56560446876867
376,88.7430402935857,32.13972773829135,41.75451320856158,73.89424094685293,-16.105759053147068
377,88.78076792267933,34.326652899949835,42.4694694856295,76.79612238557934,-13.203877614420662
378,88.22085093768732,13.223029384531046,31.632546008342864,44.85557539287391,-45.14442460712609
379,88.86979810983634,29.098670072779193,35.27509389442442,64.37376396720362,-25.626236032796385
380,88.61279793480294,34.147508465536426,41.69096835775596,75.83847682329238,-14.161523176707618
381,88.94005823429818,27.595401818707554,42.93397637499124,70.52937819369879,-19.47062180630121
382,89.06268078636214,29.146900004589128,2.7967621684673847,31.943662173056513,-58.05633782694349
383,88.8932330955578,32.250030722367676,39.514522665776866,71.76455338814455,-18.23544661185545
384,88.80830345407233,30.95446827123478,41.75647121591668,72.71093948715146,-17.289060512848536
385,89.01089503499213,33.263063357059394,43.92950706872191,77.1925704257813,-12.807429574218702
386,88.55494641010647,35.58792574393431,43.52651089366596,79.11443663760028,-10.885563362399722
387,88.99899553101879,28.196911567534585,35.370867840776384,63.56777940831097,-26.43222059168903
388,88.70659195203734,32.86044698662541,45.17127713740745,78.03172412403286,-11.968275875967137
389,88.6835617556244,31.995669518151033,43.51974178006921,75.51541129822024,-14.484588701779757
390,88.53093728767449,34.43814308432462,40.95036539137263,75.38850847569725,-14.61149152430275
391,88.70523574327648,31.669722588122298,42.992035985478694,74.66175857360099,-15.338241426399009
392,88.9190335232796,33.239492404024276,35.57141661048694,68.81090901451122,-21.189090985488775
393,88.59281301151069,31.76072841644286,27.489329734930156,59.25005815137301,-30.74994184862699
394,88.79006291269509,32.267536345999055,42.54801190512092,74.81554825111998,-15.184451748880022
395,88.37021770679215,31.934068169668137,37.991262106538336,69.92533027620647,-20.074669723793534
396,88.42183523421363,30.54748002276361,43.34801464310779,73.8954946658714,-16.104505334128604
397,88.69215028904466,30.630162325078107,35.17429066432041,65.80445298939851,-24.195547010601487
398,88.49316955194546,0.0,37.321371166859926,37.321371166859926,-52.678628833140074
399,88.96323163992908,0.0,42.55340475994599,42.55340475994599,-47.44659524005401
400,89.00412055694035,0.0,37.458363631994736,37.458363631994736,-52.541636368005264
401,88.29870125725267,14.40999288877319,35.043100860123936,49.453093748897125,-40.546906251102875
402,88.94720947361118,29.518336952034346,41.88558558347773,71.40392253551207,-18.596077464487934
403,88.63279007129347,22.228923084856444,37.06564330839537,59.29456639325181,-30.705433606748187
404,88.7581874076004,26.140917458548664,39.446424078192365,65.58734153674104,-24.412658463258964
405,88.80129931323424,22.52823889611374,42.86228357458285,65.3905224706966,-24.609477529303405
406,88.6894675330307,32.139256819482085,41.46984384563314,73.60910066511522,-16.39089933488478
407,88.73726786511311,33.194454480766396,41.587022817497164,74.78147729826355,-15.218522701736447
408,89.14260108831883,31.39542882236416,36.56674804684243,67.96217686920659,-22.037823130793413
409,88.23879713148389,26.398446085264393,41.55849472128849,67.95694080655288,-22.04305919344712
410,88.50065770576335,31.907828128612113,44.741360856651745,76.64918898526386,-13.350811014736138
411,88.97572732589202,32.271087979018745,43.879127357901226,76.15021533691997,-13.84978466308003
412,89.43059343571264,32.059716753142645,27.994161755394266,60.05387850853691,-29.94612149146309
413,88.58574552643493,34.291000742787986,40.69866316262096,74.98966390540895,-15.010336094591054
414,89.06537350832485,32.18286055746669,41.27752312309273,73.46038368055942,-16.539616319440583
415,89.07803733916828,29.08530969886157,30.351577716965526,59.436887415827094,-30.563112584172906
416,88.58081637516426,23.070982027018115,29.48606484686368,52.557046873881795,-37.442953126118205
417,88.36511422896963,30.55152763342434,42.20973041423321,72.76125804765755,-17.23874195234245
418,88.9444913458226,32.14184001552621,42.80624355456452,74.94808357009073,-15.05191642990927
419,88.8119118940808,25.77798410747874,34.46812181598613,60.24610592346487,-29.753894076535133
420,88.53184124708346,0.0,41.03421360201014,41.03421360201014,-48.96578639798986
421,88.99079453012534,23.98204704238314,41.75882785387185,65.740874896255,-24.259125103745006
422,88.8298996739561,25.30516342355171,37.29394404614183,62.59910746969354,-27.400892530306457
423,88.72073173743912,29.82146165148624,25.483558962317463,55.305020613803705,-34.694979386196295
424,89.12140384547831,34.58215779605848,34.142207631870434,68.72436542792892,-21.275634572071084
425,88.91467861834039,25.724025296683344,25.914446703070897,51.638471999754245,-38.361528000245755
426,88.5594196777623,32.02074729788838,44.69101392329953,76.71176122118791,-13.288238778812087
427,88.63502482147837,32.802237690978025,41.93136747873568,74.73360516971371,-15.266394830286288
428,89.10418604056447,30.819770190934566,35.92744353582678,66.74721372676134,-23.252786273238655
429,88.7617285711731,30.865227429952274,43.227067988182846,74.09229541813512,-15.907704581864877
430,88.60953539425869,30.512350598234068,40.52575000140329,71.03810059963736,-18.96189940036264
431,88.72406458313219,26.312765238414816,40.8664648483803,67.17923008679512,-22.820769913204884
432,88.17920325023643,25.820472237333753,40.00948581983363,65.82995805716737,-24.170041942832626
433,88.6609295828707,31.330499494618362,40.0852162757445,71.41571577036287,-18.584284229637134
434,88.63309790447798,29.70615857233195,43.556579516449204,73.26273808878116,-16.737261911218837
435,88.92828570665853,35.34248792074484,41.127270801444965,76.4697587221898,-13.530241277810205
436,88.76853464024532,34.07464244604476,43.236622608928926,77.31126505497369,-12.688734945026312
437,89.42495675448933,29.561050122725618,0.0,29.561050122725618,-60.43894987727438
438,89.36442844930336,34.097605877807624,37.01492716799259,71.1125330458002,-18.887466954199795
439,88.80694897792831,31.61743448637385,40.99129191981114,72.60872640618499,-17.391273593815015
440,89.11729087410805,35.117731058189406,38.0846059536916,73.20233701188101,-16.797662988118987
441,88.6975685649861,0.0,43.66793691756695,43.66793691756695,-46.33206308243305
442,88.93704716627575,31.73442615044224,42.91475106390535,74.64917721434759,-15.350822785652412
443,88.96623075270394,30.449172906037848,43.243932146043704,73.69310505208155,-16.30689494791845
444,88.94126668321158,30.94030479576241,31.15716575003485,62.097470545797265,-27.902529454202735
445,88.93044127500193,28.771739837067763,42.71921962435948,71.49095946142725,-18.509040538572748
446,88.91985838598167,19.95226514137577,40.924296345923466,60.876561487299234,-29.123438512700766
447,89.05065478782578,15.24696840362574,41.14559192773406,56.3925603313598,-33.6074396686402
448,88.94673578636242,11.429452355224047,32.605130317700485,44.03458267292453,-45.96541732707547
449,88.886951543329,12.69052142298005,36.715455543848314,49.40597696682836,-40.59402303317164
450,89.23240135636767,0.0,39.676915690595294,39.676915690595294,-50.323084309404706
451,88.42351589697752,0.0,34.10292369301622,34.10292369301622,-55.89707630698378
452,88.72972629249189,31.64982551907311,39.63404591663923,71.28387143571234,-18.716128564287658
453,88.31109589205994,27.764253408332287,42.68455689622035,70.44881030455264,-19.551189695447363
454,88.98509833558523,30.57823935321516,43.46119672896019,74.03943608217534,-15.960563917824658
455,88.79298683355528,24.478339847613686,42.82605325589552,67.30439310350921,-22.695606896490787
456,88.89957762007347,28.30280418572838,43.99658038135841,72.29938456708679,-17.70061543291321
457,88.98525450593925,28.230997398649578,39.091545322221954,67.32254272087152,-22.677457279128475
458,88.86975815168165,34.245924506721614,43.2871802674181,77.53310477413972,-12.466895225860284
459,89.0481726494611,0.0,44.56094430795012,44.56094430795012,-45.43905569204988
460,88.05762683600994,0.0,27.360360139292418,27.360360139292418,-62.63963986070758
461,88.93947355417725,28.712317548922698,43.39640437552291,72.1087219244456,-17.891278075554396
462,88.87913011047968,31.525843098554034,42.29625761780622,73.82210071636025,-16.177899283639746
463,89.39413006896963,34.93671499320431,40.97542949156215,75.91214448476646,-14.087855515233542
464,88.91257195663398,33.84970744188989,22.553775818973556,56.403483260863446,-33.596516739136554
465,89.22435654187424,32.01085413622459,42.51062224732357,74.52147638354816,-15.478523616451838
466,89.06902636742572,26.974769274360856,42.38310099325943,69.35787026762029,-20.642129732379715
467,88.91652247670619,26.698694685039623,18.466871317775485,45.16556600281511,-44.83443399718489
468,89.15675096987947,34.364373564470284,41.82892127883907,76.19329484330936,-13.80670515669064
469,89.37191861404918,23.273830509456754,16.63540177759849,39.90923228705525,-50.09076771294475
470,89.1422209906106,32.60508635533481,39.3487254773001,71.95381183263491,-18.046188167365088
471,88.89093964468559,30.690550749203094,38.42827660501392,69.11882735421702,-20.881172645782982
472,88.71213687281806,30.632706476820562,35.820641967276586,66.45334844409714,-23.546651555902855
473,88.84133960087576,30.84515456860106,41.493164242290334,72.3383188108914,-17.661681189108606
474,89.34099201233467,32.03394314870665,41.49874498715491,73.53268813586155,-16.467311864138452
475,88.80193231604004,31.632213663956655,36.524606968941484,68.15682063289813,-21.843179367101868
476,89.05422485829557,32.38174540798671,42.7202476476608,75.10199305564751,-14.898006944352488
477,88.84605430110959,32.909648171991286,38.71526511494773,71.624913286939,-18.375086713060995
478,89.199673947541,19.5890901862186,28.6978265665991,48.2869167528177,-41.7130832471823
479,89.17490085968196,27.882621242755846,36.58110591470835,64.4637271574642,-25.536272842535794
480,89.11773125251592,13.197984320890702,44.124097559181344,57.32208188007205,-32.67791811992795
481,88.77572770953455,23.447312858382656,28.35839574908403,51.805708607466684,-38.194291392533316
482,89.22434198921246,22.2060235180713,37.821453599927175,60.02747711799847,-29.972522882001527
483,89.22924845261863,16.59777298681049,41.6863870479387,58.28416003474919,-31.715839965250808
484,89.27351235673092,32.28684119388111,39.894571466765484,72.1814126606466,-17.8185873393534
485,88.94781498427845,32.58656162542363,42.75480995380046,75.34137157922409,-14.658628420775912
486,89.13081432093543,26.75745305729078,37.17793539628672,63.9353884535775,-26.064611546422498
487,89.25899213898467,29.09495492087749,34.15887022367773,63.25382514455522,-26.746174855444778
488,89.195081075775,34.47234268251683,44.75624733686089,79.22859001937772,-10.77140998062228
489,89.20135955850576,36.1872565085454,32.67045282853833,68.85770933708373,-21.142290662916267
490,89.40856452572618,32.938749599630945,42.26927233871458,75.20802193834552,-14.791978061654476
491,89.26416894835404,33.26669433154481,41.29464445113535,74.56133878268017,-15.438661217319833
492,88.93443655286057,23.780377799710546,41.019040631015876,64.79941843072642,-25.20058156927358
493,89.3990352276661,33.554315962227044,36.239751605520524,69.79406756774756,-20.20593243225244
494,89.53615177893295,32.893010675226954,42.094970662593134,74.98798133782009,-15.012018662179912
495,89.10398960144504,0.0,0.0,0.0,-90.0
496,88.72582987940017,0.0,25.902041257231193,25.902041257231193,-64.09795874276881
497,89.3358899971344,31.46926146530922,37.12888904257509,68.59815050788431,-21.401849492115687
498,89.43364177116688,32.64223097513434,37.649764690556424,70.29199566569076,-19.708004334309237
499,89.40449479171633,27.329194273771037,40.23441213996352,67.56360641373456,-22.43639358626544
500,89.29360409519602,26.168405392488797,44.39274110292827,70.56114649541706,-19.438853504582937
501,89.28998451968921,22.344705698966674,41.73516461054067,64.07987030950734,-25.920129690492658
502,89.37709627264073,34.10080814558883,42.800768492121826,76.90157663771066,-13.098423362289338
503,89.36041068416108,28.304213409950137,40.527647381010716,68.83186079096086,-21.16813920903914
504,89.08161792414035,27.040443428018435,41.200830795269326,68.24127422328776,-21.75872577671224
505,89.22118681108773,28.440768536554835,40.80992751310038,69.2506960496552,-20.749303950344796
506,89.23642473751198,33.323355072812326,37.41462969077267,70.73798476358499,-19.26201523641501
507,89.29700541202239,29.203975877589233,32.523339479191314,61.72731535678055,-28.27268464321945
508,89.09155840892502,31.024203929088323,42.595136796242755,73.61934072533109,-16.380659274668915
509,89.3331086266932,25.49746917409802,41.4941834793585,66.99165265345651,-23.008347346543488
510,89.1477513565453,0.0,44.96722601678359,44.96722601678359,-45.03277398321641
511,89.26516819975231,0.0,32.66087521573746,32.66087521573746,-57.33912478426254
512,89.61202585173766,25.56420782850249,31.03755497325425,56.601762801756735,-33.398237198243265
513,89.33161713036698,32.60028131682728,35.47243231799921,68.07271363482648,-21.927286365173515
514,89.22500585586444,26.22623194734303,41.641388840997216,67.86762078834025,-22.132379211659753
515,89.61375801122223,27.446279848728484,40.411244261151964,67.85752410988044,-22.142475890119556
516,89.39429778851891,33.30735851604181,23.620949983077274,56.92830849911908,-33.07169150088092
517,89.07035911880935,30.00620612780761,0.0,30.00620612780761,-59.99379387219239
518,89.28441607681184,29.191281966404294,43.5642241987409,72.75550616514519,-17.244493834854808
519,89.43708626160405,30.332571025550227,33.620772769972646,63.95334379552287,-26.04665620447713
520,89.2158521536264,33.67020831065658,40.25102943084125,73.92123774149783,-16.078762258502167
521,89.46310038680696,35.028289351038644,44.6417958465138,79.67008519755245,-10.329914802447547
522,89.60475697358555,31.102723911207576,35.40474528822144,66.50746919942901,-23.49253080057099
523,89.20648446756147,29.912597824875355,34.838991617831546,64.7515894427069,-25.2484105572931
524,89.0658703521985,30.436446199127978,39.624829075899136,70.06127527502711,-19.938724724972886
525,89.27149445862575,30.41810054547698,37.65756415290529,68.07566469838227,-21.92433530161773
526,89.57301921820698,29.935100039015015,20.9854102468717,50.92051028588672,-39.07948971411328
527,89.37996411304337,32.74299725772094,41.13452093914068,73.87751819686162,-16.122481803138385
528,89.3748602898676,16.859152074198384,33.283871658688746,50.14302373288713,-39.85697626711287
529,89.39295412915102,28.18229960159744,40.1253164149154,68.30761601651284,-21.69238398348716
530,88.45874783617522,19.535076285855556,40.59501609949516,60.13009238535072,-29.86990761464928
531,89.24827016991007,30.79373777164421,40.40173376350638,71.19547153515059,-18.80452846484941
532,89.30280856743093,23.65085448733905,18.836290604520585,42.48714509185963,-47.51285490814037
533,89.36625039612518,36.562439090721135,35.34883605737639,71.91127514809753,-18.08872485190247
534,89.57597884330379,33.72350887019074,43.18722222088345,76.91073109107418,-13.089268908925817
535,89.12566415305267,22.019279905198957,43.10739704965705,65.12667695485601,-24.87332304514399
536,89.49774073595349,24.42386205487346,41.0497163405523,65.47357839542576,-24.52642160457424
537,88.96609646608749,34.701652234156406,40.477551405311054,75.17920363946746,-14.82079636053254
538,89.23365270062268,28.3480932088182,37.05166162192621,65.3997548307444,-24.6002451692556
539,89.1501694564209,30.23990681836009,37.6923707121093,67.93227753046939,-22.067722469530608
540,89.29532922210147,34.69910043318721,39.840081726912246,74.53918216009946,-15.460817839900542
541,89.22195295937608,34.41056600482704,39.82271546725861,74.23328147208565,-15.76671852791435
542,89.65696447939958,36.57672595672145,39.839969694359986,76.41669565108143,-13.583304348918574
543,89.2534221284415,22.990747132875555,29.196944520703198,52.18769165357875,-37.81230834642125
544,89.50468395839043,33.61090950636367,36.054111954367436,69.66502146073111,-20.33497853926889
545,89.51696421761726,32.987509742895554,39.807334070255344,72.79484381315089,-17.20515618684911
546,89.31665317786417,33.58040622963272,24.29436971940335,57.87477594903607,-32.12522405096393
547,89.62406106946437,30.197804071015486,33.41912398671431,63.616928057729794,-26.383071942270206
548,89.45153524055863,0.0,40.718548438843044,40.718548438843044,-49.281451561156956
549,89.15491320375283,28.229762519413697,38.82715517445483,67.05691769386853,-22.943082306131473
550,89.35501490893132,27.643259007313354,33.838332025531194,61.48159103284455,-28.51840896715545
551,89.47372530211467,33.70033188889926,39.390630131197234,73.0909620200965,-16.909037979903502
552,89.56836028441604,34.135890793377385,35.61063646045326,69.74652725383064,-20.253472746169365
553,89.0953062134937,30.788267388368574,41.989963001223536,72.77823038959211,-17.22176961040789
554,89.36252565316242,28.36283363841863,28.569710184472505,56.932543822891134,-33.067456177108866
555,89.3531605682849,24.509075149351077,41.44213318898027,65.95120833833136,-24.048791661668645
556,89.44770169919002,29.901653891794634,29.661441282512953,59.56309517430759,-30.43690482569241
557,89.7913063782782,33.1162421754756,33.00651528607494,66.12275746155053,-23.877242538449465
558,89.50957352933354,32.590116135467056,37.1964891787183,69.78660531418535,-20.21339468581465
559,89.20168797637534,28.664741013359855,37.83237580747887,66.49711682083873,-23.502883179161273
560,89.43630393983568,31.112865250942512,40.52978130393978,71.64264655488229,-18.35735344511771
561,89.57028125397873,28.159842530100363,39.91749445001883,68.07733698011918,-21.922663019880815
562,89.58912359289947,33.34430870043213,36.09556711287802,69.43987581331015,-20.560124186689848
563,89.46932117088677,33.47779097464887,24.387281250338553,57.86507222498742,-32.13492777501258
564,89.60799612135098,34.89694706347115,35.77161747537056,70.66856453884171,-19.331435461158293
565,90.0361734822972,32.73112234640248,31.695402432902277,64.42652477930476,-25.573475220695244
566,89.7517441627262,27.15542419896483,31.48552035922389,58.64094455818872,-31.35905544181128
567,89.56185053536134,30.173122368044066,0.0,30.173122368044066,-59.82687763195594
568,89.48547131107301,31.07580120049884,41.21949220860179,72.29529340910064,-17.704706590899363
569,89.42181897173398,26.17207646377804,40.37600340007005,66.54807986384809,-23.451920136151912
570,89.79807230127197,32.82690514110182,41.962114158246706,74.78901929934852,-15.210980700651476
571,89.64249273759678,32.34916162736728,42.093780171837786,74.44294179920507,-15.557058200794927
572,89.58700545085128,34.03358518507671,42.74769460819204,76.78127979326875,-13.218720206731248
573,89.82664983851905,29.549383816534906,21.844613291022505,51.39399710755741,-38.60600289244259
574,89.51425130340903,34.68573712206691,39.84407942079968,74.5298165428666,-15.470183457133402
575,89.42572072345182,27.150417350066377,38.92451755220482,66.0749349022712,-23.925065097728805
576,89.52873021422654,35.87830987165489,34.44304832982208,70.32135820147698,-19.678641798523017
577,89.4404981140767,32.40816798279159,30.06424255503922,62.47241053783081,-27.52758946216919
578,89.3883194691532,30.05536849540637,34.00138206364445,64.05675055905081,-25.943249440949188
579,89.68279006443335,29.549382633491394,38.3110258999494,67.86040853344079,-22.13959146655921
580,89.47880166162038,33.62333153958148,39.41844511340301,73.04177665298448,-16.95822334701552
581,89.52208285524469,30.108864920951824,40.15935414259344,70.26821906354527,-19.731780936454726
582,89.57358562831651,33.52685024470992,36.489955953475665,70.01680619818558,-19.983193801814423
583,89.38429456649871,30.12286012241381,35.91202975605374,66.03488987846755,-23.965110121532447
584,89.3772963395021,29.019955302522412,22.07951122483829,51.099466527360704,-38.900533472639296
585,89.47899460607731,30.42580713923784,42.419613397031505,72.84542053626934,-17.154579463730656
586,89.60193447259734,29.41583068972811,41.87108476416258,71.28691545389069,-18.713084546109314
587,89.37858881069435,28.29818111100869,38.95668191971032,67.25486303071901,-22.745136969280992
588,89.65675419236929,20.869550671662733,37.884397543589245,58.75394821525198,-31.24605178474802
589,89.40996867852117,29.472125251339158,19.88618598149187,49.35831123283103,-40.64168876716897
590,89.4643779500319,25.021807924508924,37.13844503272842,62.16025295723735,-27.839747042762653
591,89.53365795935538,0.0,11.040572003752015,11.040572003752015,-78.95942799624798
592,89.63825246064665,0.0,44.868575969610625,44.868575969610625,-45.131424030389375
593,89.63022671848456,16.338562965981545,43.033802222782654,59.3723651887642,-30.6276348112358
594,89.4652239738264,27.28587858046416,29.517939613217827,56.80381819368199,-33.19618180631801
595,89.76279979239695,29.103284719402684,31.79358731976642,60.896872039169104,-29.103127960830896
596,89.65054826035939,23.449348285926852,16.97132364519698,40.420671931123834,-49.579328068876166
597,89.76298454837678,34.81253673095126,19.067097690541082,53.87963442149234,-36.12036557850766
598,89.65506743658474,10.388656663836226,25.597656214685408,35.98631287852163,-54.01368712147837
599,89.5547665215044,0.0,12.729389193204499,12.729389193204499,-77.2706108067955
600,89.25052292568421,23.196644511161374,41.79105679414392,64.9877013053053,-25.012298694694707
601,89.4839359300726,25.688794932778777,34.169898421765694,59.85869335454447,-30.14130664545553
602,89.46717890196116,34.01225608814933,33.39658615888648,67.4088422470358,-22.591157752964193
603,89.60746612805114,0.0,39.0122455549926,39.0122455549926,-50.9877544450074
604,89.38271363919061,16.176505225792344,34.00234762965751,50.17885285544985,-39.82114714455015
605,89.3929256109135,34.58726147548818,34.87292697110053,69.46018844658872,-20.539811553411283
606,89.30640571846295,21.61057832049247,33.55719858895606,55.167776909448534,-34.832223090551466
607,89.530640028678,31.44288315717885,32.08630632383055,63.529189481009396,-26.470810518990604
608,89.59566924426689,20.893503242601113,41.28412907025692,62.17763231285803,-27.82236768714197
609,89.71003089022261,28.330819339113052,0.0,28.330819339113052,-61.66918066088695
610,89.51473070193627,31.469734571356046,36.701319206757056,68.1710537781131,-21.828946221886895
611,89.7437775080992,33.60808552701091,37.69812381583975,71.30620934285065,-18.69379065714935
612,89.58567259970627,26.25303421939215,41.257798369363734,67.51083258875587,-22.489167411244125
613,89.4129509160892,24.551326118306942,38.046643059711535,62.597969178018474,-27.402030821981526
614,89.91266165751533,35.93620375043514,41.9457634787834,77.88196722921853,-12.118032770781468
615,89.73322944630914,27.454807359071022,32.67368736990232,60.12849472897334,-29.871505271026663
616,89.755132191081,24.807203939723404,35.88181376379133,60.689017703514736,-29.310982296485264
617,89.76173240444338,0.0,27.512130469228108,27.512130469228108,-62.48786953077189
618,89.21137830901496,0.0,34.82320545498817,34.82320545498817,-55.17679454501183
619,89.85848697527445,35.15129897587749,24.284725762654297,59.436024738531785,-30.563975261468215
620,89.82881562853804,31.721944593019334,31.47566498460881,63.19760957762814,-26.802390422371857
621,89.78198298490047,30.850310221986604,35.28577408469322,66.13608430667983,-23.863915693320166
622,89.63576816128253,31.113497204895605,37.84060041702184,68.95409762191744,-21.04590237808256
623,89.73448316002292,32.39391141134501,30.53756764044627,62.93147905179128,-27.06852094820872
624,89.62662959362477,29.75061782185716,35.403279301065,65.15389712292216,-24.84610287707784
625,89.81884504378023,31.98625958410888,0.0,31.98625958410888,-58.01374041589112
626,89.66612849816477,29.048944874173294,35.41625849527138,64.46520336944468,-25.53479663055532
627,89.432930518977,32.63776183610948,41.11919521447183,73.75695705058132,-16.24304294941868
628,89.72394574140414,30.990492592573645,16.416113003805354,47.406605596378995,-42.593394403621005
629,89.7152135501372,29.66651335380888,23.108685855359713,52.77519920916859,-37.22480079083141
630,89.62655876200151,26.491851165901767,36.801656458655344,63.29350762455711,-26.706492375442892
631,89.82651501309451,32.31740663615896,36.23159110866201,68.54899774482097,-21.451002255179034
632,89.45199323797237,25.56181502339432,43.36806408748698,68.9298791108813,-21.070120889118698
633,89.73254433989682,30.35124480119655,38.29705414657427,68.64829894777083,-21.351701052229174
634,89.69873409946666,35.58675580447817,37.40453271015239,72.99128851463055,-17.008711485369446
635,89.72442446764279,32.834978203916386,18.77493325684278,51.609911460759164,-38.390088539240836
636,89.84491911832339,29.06429238315922,18.5204842653828,47.58477664854202,-42.41522335145798
637,89.79763668020568,30.19037118425544,0.0,30.19037118425544,-59.80962881574456
638,89.95806941478659,33.65866296250669,38.76551766223364,72.42418062474033,-17.57581937525967
639,89.60967822541916,32.65328164601717,36.323644099188336,68.9769257452055,-21.023074254794494
640,89.85118260265705,28.905019206887392,38.87892423340027,67.78394344028766,-22.216056559712342
641,89.89056243880096,28.47742485079929,33.945809476630764,62.42323432743005,-27.576765672569948
642,89.604713862602,33.21818451412239,40.99273065147765,74.21091516560004,-15.789084834399958
643,89.96571905451209,31.935403410730714,36.399691995727245,68.33509540645795,-21.664904593542047
644,89.72208340669664,0.0,37.54293580121154,37.54293580121154,-52.45706419878846
645,89.62875106627415,0.0,0.0,0.0,-90.0
646,89.72854268149783,19.240427173534155,24.34590598677752,43.586333160311675,-46.413666839688325
647,89.85123555917234,35.585627413780585,43.574829947158705,79.16045736093929,-10.83954263906071
648,89.60152617169076,29.024545724218296,37.341819701662935,66.36636542588123,-23.633634574118773
649,89.8452064465226,30.42864608462571,0.0,30.42864608462571,-59.57135391537429
650,89.81878317723125,32.40454932356541,27.848956223207598,60.25350554677301,-29.746494453226987
651,89.91626276654412,34.735380536088606,25.958817597883055,60.69419813397166,-29.30580186602834
652,89.78793169780582,35.0259636641199,42.34330438325671,77.36926804737661,-12.630731952623393
653,89.83288167798713,38.289329826172576,31.613360281732117,69.90269010790469,-20.09730989209531
654,89.86109297089948,31.686542265057724,20.814209002174188,52.50075126723191,-37.49924873276809
655,89.8281809970458,26.289805407891688,44.07371513732845,70.36352054522014,-19.63647945477986
656,89.66841051737872,30.070730293243756,38.56319934412713,68.63392963737088,-21.366070362629117
657,89.79602552670124,31.843862280015596,25.60181024648649,57.445672526502086,-32.554327473497914
658,89.80093373570689,18.438782498998478,0.0,18.438782498998478,-71.56121750100152
659,89.36513299530941,18.287989281756605,31.09767644727993,49.38566572903653,-40.61433427096347
660,90.00413684376305,27.532544963173528,22.043336023045182,49.575880986218706,-40.424119013781294
661,89.72551629613895,21.055733096864195,27.263223931699763,48.31895702856396,-41.68104297143604
662,89.88051388747056,30.283806214553397,19.316470687764117,49.60027690231752,-40.39972309768248
663,90.08105579132065,33.5773994647077,0.0,33.5773994647077,-56.4226005352923
664,89.85114196886904,34.89231383880603,34.978339441535105,69.87065328034114,-20.129346719658855
665,90.02845298964374,31.463404013559458,38.041535992454854,69.50494000601431,-20.49505999398569
666,89.76175397370804,34.11109939945316,27.104230187931268,61.21532958738443,-28.78467041261557
667,89.94788197469046,30.181879035089775,28.079571222668935,58.26145025775871,-31.73854974224129
668,89.7870599428497,32.78183931614459,37.433664067584495,70.21550338372909,-19.784496616270914
669,89.80767486073952,30.02685327535171,8.730231097649916,38.757084373001625,-51.242915626998375
670,89.79257896321582,34.96983009228535,32.66825280741911,67.63808289970446,-22.361917100295543
671,89.71228085807986,33.803246821922436,34.76911867272755,68.57236549464999,-21.427634505350014
672,89.72114443506496,32.903762908664135,0.0,32.903762908664135,-57.096237091335865
673,90.08640816251966,39.15937221195526,23.456650955761564,62.61602316771682,-27.38397683228318
674,89.86106845813755,35.32922057553451,26.17307525556572,61.50229583110023,-28.497704168899773
675,89.81533031550114,22.15722078137375,29.16574222100158,51.32296300237533,-38.67703699762467
676,89.89565169110236,34.417153499219104,33.592567378270644,68.00972087748974,-21.99027912251026
677,89.72022494099562,0.0,33.64123273128183,33.64123273128183,-56.35876726871817
678,89.89747227426841,24.61796332201222,35.54503105726164,60.162994379273854,-29.837005620726146
679,89.91915010358329,34.346755301210365,30.567062328189166,64.91381762939953,-25.08618237060047
680,89.92368541361772,33.045004934034104,38.93140549006615,71.97641042410025,-18.02358957589975
681,89.82237071948245,35.83331200136308,22.70606171389925,58.53937371526233,-31.46062628473767
682,89.82648789707346,35.55072640929424,38.80285659270035,74.3535830019946,-15.646416998005407
683,89.89080946967687,36.67340965885972,0.0,36.67340965885972,-53.32659034114028
684,90.04134360974727,30.97768368467036,25.728674110470912,56.70635779514127,-33.29364220485873
685,89.8822841558775,34.95163406146051,32.30538347821471,67.25701753967522,-22.742982460324782
686,90.06448664083644,31.66759584658846,6.762875325011772,38.43047117160023,-51.56952882839977
687,90.02867939312229,36.25850716765236,36.28172278542859,72.54022995308095,-17.459770046919047
688,90.0181155715916,34.64940036973162,17.813141777716247,52.46254214744787,-37.53745785255213
689,89.94331292145253,32.30010653415725,42.67047102128549,74.97057755544274,-15.029422444557255
690,89.7872480706755,38.499593372655276,34.57934580592764,73.07893917858291,-16.921060821417086
691,89.96880472510232,36.481325286011675,32.17071516371094,68.65204044972262,-21.34795955027738
692,89.97483396606994,31.00522144734514,42.740045628972624,73.74526707631776,-16.25473292368224
693,90.04153694286043,32.91665532381747,30.78700002054251,63.70365534435999,-26.296344655640013
694,89.5817838345089,32.058025283880895,0.0,32.058025283880895,-57.941974716119105
695,90.08636737932478,37.55137432266589,0.0,37.55137432266589,-52.44862567733411
696,89.90824682073207,34.536916998231355,39.25297342734286,73.78989042557421,-16.210109574425786
697,90.09976840609984,33.90823446857316,22.104726282674477,56.01296075124764,-33.98703924875236
698,89.69510752627706,26.228418558603224,0.0,26.228418558603224,-63.771581441396776
699,90.00818388218502,34.53602997666832,29.795499207065685,64.331529183734,-25.668470816265994
700,89.82746596048945,27.27945486120971,0.0,27.27945486120971,-62.720545138790285
701,89.96245060147695,34.852812827685895,0.0,34.852812827685895,-55.147187172314105
702,90.03971970582936,35.603140264095856,37.40190056542435,73.0050408295202,-16.994959170479802
703,89.90776493988298,31.92096541572242,0.0,31.92096541572242,-58.07903458427758
704,89.99159066349013,28.467704163949758,0.0,28.467704163949758,-61.53229583605024
705,90.20220058594612,31.165481199100206,32.157906091725415,63.32338729082562,-26.67661270917438
706,90.15118011320176,36.867810728424175,15.396140209611948,52.263950938036125,-37.736049061963875
707,89.99483071612966,35.4103281131188,20.823656454381947,56.23398456750075,-33.76601543249925
708,90.09314149963751,37.949062662114514,24.03716113913916,61.98622380125367,-28.013776198746328
709,90.06597150242811,32.79542577122445,0.0,32.79542577122445,-57.20457422877555
710,90.26721174159172,36.64581901410553,27.201114729608996,63.84693374371452,-26.153066256285477
711,90.0180605102358,34.204586311650424,24.221054194036242,58.425640505686665,-31.574359494313335
712,90.08568774362048,21.508110297477366,40.38259608909464,61.890706386572006,-28.109293613427994
713,90.23868292414731,36.0223027728247,39.94108879298192,75.96339156580663,-14.036608434193369
714,90.08173739053845,35.44850757830974,0.0,35.44850757830974,-54.55149242169026
715,90.19901747111767,37.052432164747884,23.406359476280283,60.45879164102817,-29.54120835897183
716,89.87666282665006,26.612936537897045,35.54299206893134,62.15592860682838,-27.844071393171618
717,90.07534489748878,36.6091348640467,0.0,36.6091348640467,-53.3908651359533
718,90.0666030655085,25.906668685293734,0.0,25.906668685293734,-64.09333131470626
719,90.01477923761318,37.40697676639628,31.564145552940552,68.97112231933684,-21.028877680663157
720,90.00875908053489,30.55562266223461,19.606876576017253,50.16249923825187,-39.83750076174813
721,89.89592861063058,19.51314950319222,22.89378854386049,42.40693804705271,-47.59306195294729
722,89.98776890904318,35.82389178081646,20.885616031477948,56.709507812294405,-33.290492187705595
723,90.05135881235316,37.14526205466001,39.14135787710694,76.28661993176695,-13.71338006823305
724,89.82886494508638,35.5688234128065,36.872372165781734,72.44119557858824,-17.558804421411764
725,90.02043173237163,38.017566221547256,39.75815015568674,77.775716377234,-12.224283622765995
726,90.0364293623189,28.56430418421313,30.716386505778996,59.28069068999213,-30.719309310007873
727,89.97294388569645,36.667228414705896,22.878580687172757,59.54580910187865,-30.454190898121347
728,90.15015170817256,36.212460418241584,37.18767363896044,73.40013405720202,-16.599865942797976
729,89.97579978889267,39.17949855038826,23.64415035760461,62.82364890799287,-27.17635109200713
730,89.98570518421936,37.04965229686067,21.08145367127096,58.131105968131635,-31.868894031868365
731,90.18331479894158,35.141144561798974,37.738274869458685,72.87941943125766,-17.12058056874234
732,90.16355366765984,37.01751822900872,23.417257933280176,60.4347761622889,-29.565223837711102
733,90.11655608431793,37.810218066711265,30.96951377239345,68.77973183910471,-21.220268160895287
734,89.9380739382553,25.73847386018302,0.0,25.73847386018302,-64.26152613981698
735,90.11929973950056,37.43045176423305,24.525794947938167,61.956246712171215,-28.043753287828785
736,90.09675975125387,37.081778703382945,28.69190141800122,65.77368012138416,-24.22631987861584
737,90.19905502397525,34.52426114700568,17.750349881650973,52.27461102865665,-37.72538897134335
738,90.10341206204929,37.30817683574249,0.0,37.30817683574249,-52.69182316425751
739,90.07116133651247,0.9044044019533122,31.97642808587375,32.880832487827064,-57.119167512172936
740,90.26708907935325,36.64607653053847,33.44878962510567,70.09486615564414,-19.90513384435586
741,90.0830871588583,24.089919106961627,35.721073913394164,59.810993020355795,-30.189006979644205
742,90.03012602733317,34.206754570403064,7.568567477484567,41.77532204788763,-48.22467795211237
743,90.09090818054335,37.57602192926843,0.0,37.57602192926843,-52.42397807073157
744,90.18315982144247,39.114415584722124,21.586451150787585,60.700866735509706,-29.299133264490294
745,90.00970047663148,33.08782282779161,17.703688402997543,50.791511230789155,-39.208488769210845
746,90.02556417597143,31.4646692351887,0.0,31.4646692351887,-58.5353307648113
747,90.01951769167364,35.32105866730407,25.67540860085928,60.99646726816336,-29.003532731836643
748,89.9834012539946,31.372399452365027,0.0,31.372399452365027,-58.62760054763497
749,90.22149930868378,36.472937625776275,30.95369965884497,67.42663728462125,-22.57336271537875
750,90.09565288641035,36.96941099614094,0.0,36.96941099614094,-53.03058900385906
751,90.11799917663132,33.54853060095435,27.62120236666547,61.16973296761982,-28.830267032380178
752,90.07362100535615,39.231492790661555,31.27199002183615,70.50348281249771,-19.496517187502292
753,90.20879394685066,34.084044907599115,38.51603653315827,72.60008144075738,-17.39991855924262
754,90.16664188275753,29.425693833895764,21.503937247757296,50.929631081653056,-39.070368918346944
755,90.196022539522,40.43058459416641,23.72640940301857,64.15699399718498,-25.843006002815017
756,90.08839329731592,38.722288238261314,0.0,38.722288238261314,-51.277711761738686
757,90.1206024032999,39.13051842154838,2.337497624726347,41.46801604627473,-48.53198395372527
758,90.1741104293567,37.6448715972782,0.0,37.6448715972782,-52.3551284027218
759,90.17309244869772,37.081337742128596,27.445341119953483,64.52667886208208,-25.47332113791792
760,90.25738278093115,38.68793080285623,21.40130061926841,60.08923142212464,-29.91076857787536
761,90.3244744771434,37.581287802656846,0.0,37.581287802656846,-52.418712197343154
762,90.10411885033267,35.823533934030564,0.0,35.823533934030564,-54.176466065969436
763,90.27100058351357,36.62699662819839,21.55829919930088,58.185295827499274,-31.814704172500726
764,90.15970385970698,36.248270567434574,0.0,36.248270567434574,-53.751729432565426
765,90.204779742448,38.34460849934064,31.17946077822294,69.52406927756357,-20.47593072243643
766,90.11623787414445,35.46277488027831,28.869507752112046,64.33228263239036,-25.66771736760964
767,90.24117458695582,36.26156130064572,0.0,36.26156130064572,-53.73843869935428
768,90.11400460032927,38.99376019650603,0.0,38.99376019650603,-51.00623980349397
769,90.09947967065075,38.64186980741308,0.0,38.64186980741308,-51.35813019258692
770,90.15652972102735,40.643203067339236,0.0,40.643203067339236,-49.356796932660764
771,90.12223923048295,39.36960167853806,0.0,39.36960167853806,-50.63039832146194
772,90.2495068127071,36.030992841695046,19.94166206851838,55.97265491021342,-34.02734508978658
773,90.0458969829177,39.585602201966225,0.0,39.585602201966225,-50.414397798033775
774,90.19284766934375,39.22100245027189,0.0,39.22100245027189,-50.77899754972811
775,90.12598919559116,36.509246863045604,12.803625913540541,49.31287277658615,-40.68712722341385
776,90.21296425758429,32.11052120530955,0.0,32.11052120530955,-57.88947879469045
777,90.21567986098484,36.88976255135513,26.814351915291862,63.704114466647,-26.295885533353
778,90.16370119586247,37.66740437111928,0.0,37.66740437111928,-52.33259562888072
779,90.15406140701023,34.09173694448483,0.0,34.09173694448483,-55.90826305551517
780,90.02301308692554,38.6238500178616,0.0,38.6238500178616,-51.3761499821384
781,90.359426191216,36.709590274358526,0.0,36.709590274358526,-53.290409725641474
782,90.15784028485635,39.31291998626185,0.0,39.31291998626185,-50.68708001373815
783,90.13438248814784,38.66269202681108,25.316269175694337,63.97896120250542,-26.021038797494583
784,90.21559130901528,39.837321649049436,29.556057660305022,69.39337930935446,-20.606620690645542
785,90.13046648026187,33.39504661253432,33.26951431926596,66.66456093180028,-23.33543906819972
786,90.03431562533741,38.63167119488243,21.78572265186903,60.41739384675146,-29.58260615324854
787,90.17726405045553,37.192366381232404,18.555792209330626,55.74815859056303,-34.25184140943697
788,90.06133761796167,38.70834727713302,0.0,38.70834727713302,-51.29165272286698
789,90.22449327496336,38.432778480778246,0.0,38.432778480778246,-51.567221519221754
790,90.1093579256518,36.71376239798647,0.0,36.71376239798647,-53.28623760201353
791,90.02159459335017,35.58790152450755,2.4284598104276904,38.01636133493524,-51.98363866506476
792,89.85945772493177,0.0,0.0,0.0,-90.0
793,90.2065651538533,35.5166259241258,18.453448785651297,53.970074709777094,-36.029925290222906
794,90.20388989210569,34.09803774521104,34.9332683358333,69.03130608104433,-20.968693918955665
795,90.09092773351905,37.70165346379085,0.0,37.70165346379085,-52.29834653620915
796,90.14074747992686,37.96509443489433,0.0,37.96509443489433,-52.03490556510567
797,90.23340976245127,40.54181744834175,0.0,40.54181744834175,-49.45818255165825
798,90.37074128231035,40.7320083632015,12.61095900042766,53.342967363629164,-36.657032636370836
799,90.33721933743456,39.170405274504745,30.35993654228894,69.53034181679368,-20.46965818320632
